titulo,autor,publicacao,isbn,status
Diário de um Banana,Jeff Kinney,2007,9788550707525,disponivel
O diário perdido de Gravity Falls,Alex Hirsch,2018,9788550303628,disponivel
Harry Potter e a Ordem da Fênix,JK Rowling,2003,9788532529992,disponivel
Harry Potter e o Cálice de Fogo,JK Rowling,2000,9781781103715,disponivel
"Tipo assim, Clarice Bean",Lauren Child,2004,9788508091447,disponivel
Clarice Bean Tem Um Problema,Lauren Child,2005,9788508099719,disponivel
Demon Slayer: Kimetsu no Yaiba,Koyoharu Gotouge,2016,9786525908489,disponivel
Um Coração Gelado,Elizabeth Rudnick,2015,9788579309847,disponivel
Memórias Póstumas de Brás Cubas,Machado de Assis,1881,9786560953185,disponivel
